parent,child
Acidaminococcus,905
Acidaminococcus,187327
Paracidovorax,80869
Diaphorobacter,721785
Acinetobacter,909768
Acinetobacter,40214
Acinetobacter,40215
Schaalia,1660
Actinomyces,651609
Actinomyces,712124
Actinomyces,1656
Aeromonas,654
Aggregatibacter,732
Aggregatibacter,739
Akkermansia,239935
Alicycliphilus,179636
Alistipes,28117
Alistipes,328814
Alistipes,908612
Anaerococcus,33032
Anaerococcus,33037
Anaerofustis,214853
Anaerostipes,105841
Anaerotruncus,169435
Aliarcobacter,28197
Lancefieldella,1382
Lancefieldella,1383
Fannyhessea,82135
Azotobacter,354
Bacillus,1396
Bacteroides,47678
Bacteroides,626929
Phocaeicola,310298
Phocaeicola,387090
Phocaeicola,821
Bacteroides,28111
Bacteroides,338188
Bacteroides,626930
Bacteroides,817
Bacteroides,290053
Bacteroides,329854
Bacteroides,28116
Phocaeicola,310297
Phocaeicola,376805
Bacteroides,46506
Bacteroides,818
Bacteroides,820
Bacteroides,371601
Bifidobacterium,1680
Bifidobacterium,1683
Bifidobacterium,28025
Bifidobacterium,1681
Bifidobacterium,1685
Bifidobacterium,28026
Bifidobacterium,1689
Bifidobacterium,216816
Bilophila,35833
Blautia,1322
Blautia,53443
Brachyspira,52584
Brevibacterium,1703
Bulleidia,118748
Butyrivibrio,45851
Campylobacter,199
Campylobacter,824
Campylobacter,76517
Campylobacter,197
Campylobacter,204
Campylobacter,28080
Candidatus Phytoplasma,37692
Capnocytophaga,706435
Cardiobacterium,2718
Catonella,43997
Citrobacter,545
Citrobacter,67825
Citrobacter,1639133
Citrobacter,133448
Enterocloster,208479
Clostridium,1492
Lachnoclostridium,89153
Clostridium,1502
Thomasclavelia,1547
Lacrimispora,84030
Lachnoclostridium,29347
Clostridium,457396
Clostridium,556261
Clostridium,908340
Clostridium,2860053
Thomasclavelia,29348
Lachnoclostridium,1512
Collinsella,74426
Collinsella,147207
Collinsella,147206
Comamonas,285
Coprobacillus,100884
Coprococcus,116085
Coprococcus,410072
Coprococcus,33043
Corynebacterium,43765
Corynebacterium,161879
Corynebacterium,1727
Cronobacter,413502
Cryptobacterium,84163
Delftia,80866
Desulfovibrio,876
Desulfovibrio,901
Desulfovibrio,457398
Desulfovibrio,881
Dialister,218538
Dialister,309120
Dickeya,204038
Dorea,39486
Dorea,88431
Dysgonomonas,163665
Edwardsiella,67780
Eggerthella,84112
Eggerthella,502558
Enhydrobacter,225324
Klebsiella,548
Enterobacter,61645
Enterobacter,69218
Enterobacter,550
Enterobacter,158836
Enterobacter,399742
Enterococcus,37734
Enterococcus,1351
Enterococcus,1352
Enterococcus,1353
Escherichia,208962
Escherichia,562
Holdemanella,1735
Faecalitalea,39483
Amedibacillus,31971
Lachnospira,39485
Anaerobutyricum,39488
Eubacterium,1736
Agathobacter,39491
Lachnoanaerobaculum,467210
Eubacterium,39496
Faecalibacterium,853
Filifactor,143361
Finegoldia,1260
Fusobacterium,849
Fusobacterium,850
Fusobacterium,851
Fusobacterium,860
Fusobacterium,556263
Fusobacterium,861
Fusobacterium,856
Gardnerella,2702
Gemella,1379
Gemella,29391
Gemella,84135
Granulicatella,46124
Granulicatella,137732
Haemophilus,726
Haemophilus,727
Haemophilus,729
Haemophilus,249188
Helicobacter,213
Helicobacter,35818
Helicobacter,210
Holdemania,61171
Klebsiella,571
Klebsiella,244366
Lactobacillus,1579
Lactobacillus,83683
Lactobacillus,1604
Ligilactobacillus,1605
Levilactobacillus,1580
Lacticaseibacillus,1582
Limosilactobacillus,181675
Loigolactobacillus,1610
Lactobacillus,47770
Lactobacillus,1584
Limosilactobacillus,1613
Fructilactobacillus,1614
Lactobacillus,1596
Lactobacillus,1587
Lactobacillus,147802
Lactobacillus,33959
Limosilactobacillus,1632
Lactiplantibacillus,1590
Limosilactobacillus,1598
Lacticaseibacillus,47715
Ligilactobacillus,1623
Latilactobacillus,1599
Ligilactobacillus,1624
Fructilactobacillus,1625
Lactobacillus,227945
Limosilactobacillus,1633
Lactococcus,1363
Lactococcus,1358
Lautropia,47671
Leptotrichia,157688
Leuconostoc,33964
Leuconostoc,1251
Leuconostoc,1244
Leuconostoc,1246
Leuconostoc,1245
Marvinbryantia,168384
Megasphaera,907
Megasphaera,699192
Megasphaera,187326
Allomeiothermus,52022
Methanobrevibacter,2173
Methanosphaera,2317
Micrococcus,1270
Mitsuokella,52226
Mobiluncus,2051
Metamycoplasma,2098
Neisseria,483
Neisseria,495
Neisseria,484
Neisseria,485
Neisseria,487
Neisseria,488
Neisseria,28449
Odoribacter,28118
Oenococcus,1247
Olsenella,133926
Oribacterium,237576
Oribacterium,608534
Oribacterium,712414
Oscillibacter,351091
Oxalobacter,847
Pantoea,553
Pantoea,517433
Pantoea,470934
Parabacteroides,823
Parabacteroides,46503
Paraprevotella,454155
Parascardovia,78258
Parasutterella,487175
Parvimonas,33033
Pediococcus,1254
Pediococcus,1255
Peptoniphilus,507750
Peptoniphilus,54005
Peptoniphilus,33031
Peptoniphilus,712430
Peptostreptococcus,1261
Peptostreptococcus,341694
Phascolarctobacterium,626940
Porphyromonas,28123
Porphyromonas,281920
Prevotella,28125
Segatella,28126
Hoylesella,28127
Segatella,165179
Prevotella,52227
Prevotella,28129
Prevotella,28130
Prevotella,28132
Hallella,310514
Prevotella,28133
Hoylesella,28134
Alloprevotella,76122
Hoylesella,386414
Cutibacterium,1747
Propionibacterium,1744
Proteus,584
Proteus,102862
Providencia,158850
Pseudoalteromonas,228
Pseudoalteromonas,234831
Pseudoflavonifractor,106588
Pseudomonas,287
Pseudomonas,930166
Pseudomonas,294
Pseudomonas,47880
Pseudomonas,300
Pseudomonas,303
Stutzerimonas,316
Pseudomonas,47877
Pyramidobacter,638849
Rahnella,34038
Rahnella,2703885
Roseburia,301301
Roseburia,166486
Roseburia,360807
Rothia,2047
Rothia,43675
Ruminococcus,40518
Ruminococcus,1161942
Mediterraneibacter,46228
Ruminococcus,457412
Ruminococcus,657323
Salmonella,54736
Salmonella,28901
Scardovia,78259
Selenomonas,671224
Selenomonas,135083
Selenomonas,69823
Serratia,28151
Shuttleworthia,177972
Slackia,84109
Solobacterium,102148
Staphylococcus,1280
Staphylococcus,1281
Staphylococcus,29385
Staphylococcus,1292
Streptococcus,1311
Streptococcus,1328
Streptococcus,113107
Streptococcus,76860
Streptococcus,45634
Streptococcus,1317
Streptococcus,1334
Streptococcus,1335
Streptococcus,315405
Streptococcus,1302
Streptococcus,102684
Streptococcus,68892
Streptococcus,28037
Streptococcus,1309
Streptococcus,1303
Streptococcus,1318
Streptococcus,1348
Streptococcus,68891
Streptococcus,1313
Streptococcus,257758
Streptococcus,1314
Streptococcus,1304
Streptococcus,1305
Streptococcus,435842
Streptococcus,563037
Streptococcus,563038
Streptococcus,712620
Streptococcus,712630
Streptococcus,1308
Streptococcus,1343
Subdoligranulum,214851
Succinatimonas,626938
Sutterella,40545
Tannerella,28112
Treponema,167
Tropheryma,2039
Turicibacter,154288
Veillonella,39777
Veillonella,39778
Veillonella,29466
Veillonella,671228
Veillonella,671229
Verminephrobacter,364317
Vibrio,669
Victivallis,172901
Weissella,137591
Weissella,1249
Xanthomonas,339
Intestinibacter,261299
Peptacetobacter,89152
Mediterraneibacter,33038
Blautia,40520
Mediterraneibacter,33039
Fusobacterium,2648384
22,905
22,187327
19,1660
19,1656
7,654
17,732
17,739
11,239935
3,328814
4,105841
19,1382
9,1396
14,47678
14,821
14,817
0,290053
0,329854
14,28116
0,376805
14,818
14,820
14,371601
16,1680
16,1683
4,28025
16,1681
16,1685
16,28026
16,1689
16,216816
4,1322
30,52584
17,199
228,76517
4,197
6,545
14,1639133
1,208479
5,1492
4,89153
5,1502
4,1547
4,84030
4,29347
16,74426
7,285
18,84163
10,876
10,901
10,881
18,84112
18,502558
12,548
12,61645
12,69218
12,550
6,158836
148,1351
6,1352
24,208962
24,562
4,39483
2,39485
4,39488
1,1736
4,853
17,143361
37,1260
1,849
1,850
5,851
1,861
1,856
13,1379
13,29391
13,84135
17,726
17,727
17,729
17,249188
6,213
39,35818
9,210
12,571
6,244366
4,1579
2,83683
182,1582
4,1584
4,1613
4,33959
4,1598
4,1623
153,1599
4,1624
147,1363
4,1358
49,47671
22,907
60,2173
60,2317
89,2051
11,495
6,485
17,488
17,28449
3,28118
18,133926
1,351091
21,553
14,823
3,454155
16,78258
153,1255
37,54005
3,28123
3,52227
3,28129
3,28132
14,287
14,930166
6,294
1,300
7,303
7,316
3,47877
2,301301
2,166486
19,2047
19,43675
1,1161942
24,54736
6,28901
22,69823
6,1280
2,1311
13,1328
13,113107
13,45634
13,1334
13,1335
13,1302
4,102684
13,28037
13,1309
13,1303
13,1318
6,1348
13,1313
13,257758
6,1314
13,1304
13,1305
4,1308
13,1343
0,28112
29,167
2,2039
5,154288
17,39777
17,39778
17,29466
272,364317
12,137591
5,89152
4,33038
AcetateProductionexport,905
ButyrateProductionexport,905
cis-Aconitatetrans-Aconitatetrans-AconiticacidConsumptionimport,905
CitrateConsumptionimport,905
CO2Productionexport,905
H2HydrogenProductionexport,905
H2SHS-Productionexport,905
L-GlutamateL-GlutamicacidGlutamateD-GlutamateConsumptionimport,905
NH3AmmoniaNH4AmmoniumProductionexport,905
PropanoatePropionateProductionexport,905
AcetateProductionexport,1656
HemicelluloseMacromoleculedegradation,1656
L-LactateS-LactateLactateD-LactateR-LactateProductionexport,1656
PectinMacromoleculedegradation,1656
MucinMucusGlycoproteinMacromoleculedegradation,239935
NitrateConsumptionimport,179636
H2HydrogenProductionexport,28117
IndoleProductionexport,28117
Isobutyrate2-MethylpropanoicacidProductionexport,28117
Isovalerate3-MethylbutanoicacidProductionexport,28117
PropanoatePropionateProductionexport,28117
SuccinateProductionexport,28117
D-MannoseMannoseConsumptionimport,328814
IndoleProductionexport,328814
RaffinoseConsumptionimport,328814
SuccinateProductionexport,328814
ButyrateProductionexport,33032
D-GalactoseConsumptionimport,33032
D-GlucoseGlucoseConsumptionimport,33032
D-MannoseMannoseConsumptionimport,33032
L-ArginineArginineConsumptionimport,33032
LactoseConsumptionimport,33032
UreaConsumptionimport,33032
ButyrateProductionexport,33037
D-GlucoseGlucoseConsumptionimport,33037
D-MannoseMannoseConsumptionimport,33037
IndoleProductionexport,33037
L-ArginineArginineConsumptionimport,33037
L-HistidineHistidineConsumptionimport,33037
L-LeucineLeucineConsumptionimport,33037
4-AminobutyrateGABAConsumptionimport,105841
AcetateConsumptionimportproductionexport,105841
ButyrateProductionexport,105841
CO2Productionexport,105841
D-FructoseFructoseConsumptionimport,105841
D-GlucoseGlucoseConsumptionimport,105841
FormateProductionexport,105841
FOSFructooligosaccharideConsumptionimport,105841
H2HydrogenProductionexport,105841
Isobutyrate2-MethylpropanoicacidProductionexport,105841
Isovalerate3-MethylbutanoicacidProductionexport,105841
L-LactateS-LactateLactateD-LactateR-LactateConsumptionimport,105841
PropanoatePropionateProductionexport,105841
SuccinateProductionexport,105841
ValeratePentanoicacidPentanoateProductionexport,105841
XOSXylooligosaccharideConsumptionimport,105841
2-OxobutyrateAlpha-ketobutyrate2-OxobutanoateConsumptionimport,169435
AcetateProductionexport,169435
ButyrateProductionexport,169435
CellobioseConsumptionimport,169435
D-FructoseFructoseConsumptionimport,169435
D-GalactoseConsumptionimport,169435
D-GlucoseGlucoseConsumptionimport,169435
D-MannoseMannoseConsumptionimport,169435
D-TuranoseConsumptionimport,169435
DextrinMaltotrioseMaltodextrinMaltohexaoseMaltotetraoseMaltooligosaccharideConsumptionimport,169435
H2SHS-Productionexport,169435
IndoleProductionexport,169435
InosineConsumptionimport,169435
L-MalateS-MalateL-MalicacidMalateD-MalateR-MalateConsumptionimport,169435
L-SerineSerineD-SerineConsumptionimport,169435
L-ValineValineD-ValineConsumptionimport,169435
MaltoseConsumptionimport,169435
N-Acetyl-D-GlucosamineN-AcetylglucosamineConsumptionimport,169435
N-Acetyl-D-mannosamineConsumptionimport,169435
N-AcetylneuraminicacidN-acetylneuraminateNeu5AcSialicacidConsumptionimport,169435
PyruvateConsumptionimport,169435
ThymidineConsumptionimport,169435
TrehaloseConsumptionimport,169435
UridineConsumptionimport,169435
CO2Productionexport,354
D-GlucoseGlucoseConsumptionimport,354
EthanolProductionexport,354
N2Consumptionimport,354
NH3AmmoniaNH4AmmoniumProductionexport,354
CO2Productionexport,1396
H2HydrogenProductionexport,1396
MenaquinoneVitaminK2Productionexport,1396
N2Productionexport,1396
NitrateConsumptionimport,1396
AcetateProductionexport,47678
ButyrateProductionexport,47678
CO2Consumptionimportproductionexport,47678
D-FructoseFructoseConsumptionimport,47678
DextrinMaltotrioseMaltodextrinMaltohexaoseMaltotetraoseMaltooligosaccharideConsumptionimport,47678
FormateProductionexport,47678
H2HydrogenProductionexport,47678
MucinMucusGlycoproteinMacromoleculedegradation,47678
NH3AmmoniaNH4AmmoniumConsumptionimport,47678
PectinMacromoleculedegradation,47678
PropanoatePropionateProductionexport,47678
SuccinateProductionexport,47678
AcetateProductionexport,28111
AdenosylcobalaminVitaminB12CobamidecoenzymeCobIIalaminVitaminB12rCobIalaminVitaminB12sAquacobalaminCobalaminIIIConsumptionimport,28111
ButyrateProductionexport,28111
CO2Consumptionimportproductionexport,28111
D-FructoseFructoseConsumptionimport,28111
D-GalactoseConsumptionimport,28111
D-GalacturonateConsumptionimport,28111
D-GlucosamineGlucosamineConsumptionimport,28111
D-GlucuronicacidD-GlucuronateConsumptionimport,28111
H2HydrogenProductionexport,28111
HemicelluloseMacromoleculedegradation,28111
NH3AmmoniaNH4AmmoniumConsumptionimport,28111
PropanoatePropionateProductionexport,28111
StarchAmylopectinAmylose14-alpha-D-GlucanPullulanResistantstarchMacromoleculedegradation,28111
SuccinateProductionexport,28111
AcetateProductionexport,817
AdenosylcobalaminVitaminB12CobamidecoenzymeCobIIalaminVitaminB12rCobIalaminVitaminB12sAquacobalaminCobalaminIIIConsumptionimport,817
BicarbonateHCO3-H2CO3CarbonicacidCarbonateConsumptionimport,817
ButyrateProductionexport,817
ChenodeoxycholicacidChenodeoxycholateConsumptionimportproductionexport,817
CholicacidCholateConsumptionimportproductionexport,817
CO2Consumptionimportproductionexport,817
D-FructoseFructoseConsumptionimport,817
D-GalacturonateConsumptionimport,817
D-GlucosamineGlucosamineConsumptionimport,817
D-GlucoseGlucoseConsumptionimport,817
D-GlucuronicacidD-GlucuronateConsumptionimport,817
DeoxycholicacidProductionexport,817
DextrinMaltotrioseMaltodextrinMaltohexaoseMaltotetraoseMaltooligosaccharideConsumptionimport,817
DimethylamineProductionexport,817
FOSFructooligosaccharideConsumptionimport,817
GlycochenodeoxycholateConsumptionimport,817
GlycocholateConsumptionimport,817
GlycodeoxycholateConsumptionimport,817
H2HydrogenProductionexport,817
HemicelluloseMacromoleculedegradation,817
L-CysteineCysteineD-CysteineConsumptionimport,817
L-FucoseConsumptionimport,817
L-LactateS-LactateLactateD-LactateR-LactateConsumptionimportproductionexport,817
L-MethionineD-MethionineConsumptionimport,817
LithocholicacidProductionexport,817
MenaquinoneVitaminK2Productionexport,817
MucinMucusGlycoproteinMacromoleculedegradation,817
NH3AmmoniaNH4AmmoniumConsumptionimportproductionexport,817
PectinMacromoleculedegradation,817
PolypeptideMacromoleculedegradation,817
PropanoatePropionateProductionexport,817
PutrescineProductionexport,817
RaffinoseConsumptionimport,817
StarchAmylopectinAmylose14-alpha-D-GlucanPullulanResistantstarchMacromoleculedegradation,817
SuccinateProductionexport,817
TaurochenodeoxycholateConsumptionimport,817
TaurocholateConsumptionimport,817
TaurodeoxycholateConsumptionimport,817
ValeratePentanoicacidPentanoateProductionexport,817
XOSXylooligosaccharideConsumptionimport,817
AcetateProductionexport,290053
ButyrateProductionexport,290053
CO2Consumptionimportproductionexport,290053
D-FructoseFructoseConsumptionimport,290053
H2HydrogenProductionexport,290053
NH3AmmoniaNH4AmmoniumConsumptionimport,290053
PropanoatePropionateProductionexport,290053
SuccinateProductionexport,290053
AcetateProductionexport,329854
ButyrateProductionexport,329854
ChenodeoxycholicacidChenodeoxycholateConsumptionimport,329854
CholicacidCholateConsumptionimport,329854
CO2Consumptionimportproductionexport,329854
D-FructoseFructoseConsumptionimport,329854
H2HydrogenProductionexport,329854
HemicelluloseMacromoleculedegradation,329854
NH3AmmoniaNH4AmmoniumConsumptionimport,329854
PropanoatePropionateProductionexport,329854
SuccinateProductionexport,329854
AcetateProductionexport,28116
AlginateMacromoleculedegradation,28116
ArabinogalactanMacromoleculedegradation,28116
ButylamineProductionexport,28116
ButyrateProductionexport,28116
CellobioseConsumptionimport,28116
Chondroitin4-sulfateChondroitin6-sulfateMacromoleculedegradation,28116
CO2Consumptionimportproductionexport,28116
D-ArabinoseL-ArabinoseArabinoseL-ArabinopyranoseL-ArabinofuranoseConsumptionimport,28116
D-FructoseFructoseConsumptionimport,28116
D-GalactoseConsumptionimport,28116
D-GalacturonateConsumptionimport,28116
D-GlucosamineGlucosamineConsumptionimport,28116
D-GlucoseGlucoseConsumptionimport,28116
D-GlucuronicacidD-GlucuronateConsumptionimport,28116
D-MannoseMannoseConsumptionimport,28116
D-PsicoseConsumptionimport,28116
D-RiboseRiboseConsumptionimport,28116
D-XyloseXyloseConsumptionimport,28116
DextrinMaltotrioseMaltodextrinMaltohexaoseMaltotetraoseMaltooligosaccharideConsumptionimport,28116
DimethylamineProductionexport,28116
FOSFructooligosaccharideConsumptionimport,28116
H2HydrogenProductionexport,28116
HemicelluloseMacromoleculedegradation,28116
HyaluronanHyaluronateHyaluronicacidMacromoleculedegradation,28116
Isovalerate3-MethylbutanoicacidProductionexport,28116
L-FucoseConsumptionimport,28116
L-LactateS-LactateLactateD-LactateR-LactateProductionexport,28116
L-RhamnoseRhamnoseD-RhamnoseConsumptionimport,28116
MenaquinoneVitaminK2Productionexport,28116
N-Acetyl-D-GlucosamineN-AcetylglucosamineConsumptionimport,28116
N-AcetylgalactosamineN-Acetyl-D-galactosamineConsumptionimport,28116
NH3AmmoniaNH4AmmoniumConsumptionimportproductionexport,28116
PectinMacromoleculedegradation,28116
PhenylethylamineProductionexport,28116
PropanoatePropionateProductionexport,28116
PutrescineProductionexport,28116
StarchAmylopectinAmylose14-alpha-D-GlucanPullulanResistantstarchMacromoleculedegradation,28116
SuccinateProductionexport,28116
TrehaloseConsumptionimport,28116
TyramineProductionexport,28116
AcetateProductionexport,46506
ButyrateProductionexport,46506
CO2Consumptionimportproductionexport,46506
D-FructoseFructoseConsumptionimport,46506
DextrinMaltotrioseMaltodextrinMaltohexaoseMaltotetraoseMaltooligosaccharideConsumptionimport,46506
FormateProductionexport,46506
H2HydrogenProductionexport,46506
NH3AmmoniaNH4AmmoniumConsumptionimport,46506
PropanoatePropionateProductionexport,46506
SuccinateProductionexport,46506
12-EthanediolEthyleneglycolProductionexport,818
12-propanediolPropenediolPropyleneglycolR-12-propanediolR-propane-12-diolS-12-propanediolS-propane-12-diolProductionexport,818
AcetateProductionexport,818
AdenosylcobalaminVitaminB12CobamidecoenzymeCobIIalaminVitaminB12rCobIalaminVitaminB12sAquacobalaminCobalaminIIIConsumptionimport,818
ArabinogalactanMacromoleculedegradation,818
ButylamineProductionexport,818
ButyrateProductionexport,818
CellobioseConsumptionimport,818
ChenodeoxycholicacidChenodeoxycholateConsumptionimport,818
CholicacidCholateConsumptionimport,818
Chondroitin4-sulfateChondroitin6-sulfateMacromoleculedegradation,818
CO2Consumptionimportproductionexport,818
D-ArabinoseL-ArabinoseArabinoseL-ArabinopyranoseL-ArabinofuranoseConsumptionimport,818
D-FructoseFructoseConsumptionimport,818
D-GalactoseConsumptionimport,818
D-GalacturonateConsumptionimport,818
D-GlucosamineGlucosamineConsumptionimport,818
D-GlucoseGlucoseConsumptionimport,818
D-GlucuronicacidD-GlucuronateConsumptionimport,818
D-LyxoseL-LyxoseConsumptionimport,818
D-MannoseMannoseConsumptionimport,818
D-PsicoseConsumptionimport,818
D-RiboseRiboseConsumptionimport,818
D-XyloseXyloseConsumptionimport,818
DeoxycholicacidProductionexport,818
DextrinMaltotrioseMaltodextrinMaltohexaoseMaltotetraoseMaltooligosaccharideConsumptionimport,818
DimethylamineProductionexport,818
EthanolProductionexport,818
FormateProductionexport,818
FOSFructooligosaccharideConsumptionimport,818
FructanInulinLevanMacromoleculedegradation,818
GalactanMacromoleculedegradation,818
H2HydrogenProductionexport,818
HemicelluloseMacromoleculedegradation,818
HyaluronanHyaluronateHyaluronicacidMacromoleculedegradation,818
Isobutyrate2-MethylpropanoicacidProductionexport,818
Isovalerate3-MethylbutanoicacidProductionexport,818
L-CysteineCysteineD-CysteineConsumptionimport,818
L-FucoseConsumptionimport,818
L-LactateS-LactateLactateD-LactateR-LactateProductionexport,818
L-LeucineLeucineConsumptionimport,818
L-MethionineD-MethionineConsumptionimport,818
L-PhenylalaninePhenylalanineD-PhenylalanineConsumptionimport,818
L-RhamnoseRhamnoseD-RhamnoseConsumptionimport,818
L-TyrosineTyrosineConsumptionimport,818
L-ValineValineD-ValineConsumptionimport,818
LithocholicacidProductionexport,818
MenaquinoneVitaminK2Productionexport,818
MethanolProductionexport,818
MucinMucusGlycoproteinMacromoleculedegradation,818
N-Acetyl-D-GlucosamineN-AcetylglucosamineConsumptionimport,818
N-AcetylgalactosamineN-Acetyl-D-galactosamineConsumptionimport,818
N-AcetylneuraminicacidN-acetylneuraminateNeu5AcSialicacidConsumptionimport,818
NH3AmmoniaNH4AmmoniumConsumptionimportproductionexport,818
PectinMacromoleculedegradation,818
PhenylacetateProductionexport,818
PhenylethylamineProductionexport,818
PolypeptideMacromoleculedegradation,818
PropanoatePropionateProductionexport,818
PutrescineProductionexport,818
PyruvateProductionexport,818
RaffinoseConsumptionimport,818
SpermidineProductionexport,818
StarchAmylopectinAmylose14-alpha-D-GlucanPullulanResistantstarchMacromoleculedegradation,818
SuccinateProductionexport,818
TrehaloseConsumptionimport,818
TrimethylamineProductionexport,818
TyramineProductionexport,818
UreaProductionexport,818
ValeratePentanoicacidPentanoateProductionexport,818
XOSXylooligosaccharideConsumptionimport,818
AcetateProductionexport,820
ButyrateProductionexport,820
CellobioseConsumptionimport,820
CO2Consumptionimportproductionexport,820
D-FructoseFructoseConsumptionimport,820
D-PsicoseConsumptionimport,820
FOSFructooligosaccharideConsumptionimport,820
H2HydrogenProductionexport,820
MucinMucusGlycoproteinMacromoleculedegradation,820
NH3AmmoniaNH4AmmoniumConsumptionimport,820
PropanoatePropionateProductionexport,820
SuccinateProductionexport,820
AcetateProductionexport,371601
ButyrateProductionexport,371601
CellobioseConsumptionimport,371601
CO2Consumptionimportproductionexport,371601
D-ArabinoseL-ArabinoseArabinoseL-ArabinopyranoseL-ArabinofuranoseConsumptionimport,371601
D-FructoseFructoseConsumptionimport,371601
D-GalactoseConsumptionimport,371601
D-GlucoseGlucoseConsumptionimport,371601
D-MannitolMannitolConsumptionimport,371601
D-MannoseMannoseConsumptionimport,371601
D-PsicoseConsumptionimport,371601
D-SorbitolD-GlucitolSorbitolGlucitolL-SorbitolSorbitolConsumptionimport,371601
D-XyloseXyloseConsumptionimport,371601
GlycerolConsumptionimport,371601
H2HydrogenProductionexport,371601
L-RhamnoseRhamnoseD-RhamnoseConsumptionimport,371601
LactoseConsumptionimport,371601
MaltoseConsumptionimport,371601
MelibioseConsumptionimport,371601
NH3AmmoniaNH4AmmoniumConsumptionimport,371601
PropanoatePropionateProductionexport,371601
RaffinoseConsumptionimport,371601
SuccinateProductionexport,371601
SucroseConsumptionimport,371601
TrehaloseConsumptionimport,371601
4-AminobutyrateGABAProductionexport,1680
AcetateProductionexport,1680
BiotinVitaminB7Productionexport,1680
CellobioseConsumptionimport,1680
ChenodeoxycholicacidChenodeoxycholateProductionexport,1680
CholicacidCholateProductionexport,1680
D-FructoseFructoseConsumptionimport,1680
D-GalactoseConsumptionimport,1680
D-GlucoseGlucoseConsumptionimport,1680
D-PsicoseConsumptionimport,1680
DeoxycholicacidProductionexport,1680
DextrinMaltotrioseMaltodextrinMaltohexaoseMaltotetraoseMaltooligosaccharideConsumptionimport,1680
DimethylamineProductionexport,1680
EthanolProductionexport,1680
FolicacidFolateVitaminB9Productionexport,1680
FormateProductionexport,1680
FOSFructooligosaccharideConsumptionimport,1680
FructanInulinLevanMacromoleculedegradation,1680
GlycochenodeoxycholateConsumptionimport,1680
GlycocholateConsumptionimport,1680
GlycodeoxycholateConsumptionimport,1680
GlycolithocholateConsumptionimport,1680
HemicelluloseMacromoleculedegradation,1680
IsomaltoseConsumptionimport,1680
L-LactateS-LactateLactateD-LactateR-LactateProductionexport,1680
LactoseConsumptionimport,1680
LithocholicacidProductionexport,1680
MaltoseConsumptionimport,1680
MenaquinoneVitaminK2Consumptionimport,1680
MethylamineMonomethylamineProductionexport,1680
PyridoxalVitaminB6PyridoxinePyridoxamineVitaminB6Productionexport,1680
RaffinoseConsumptionimport,1680
StarchAmylopectinAmylose14-alpha-D-GlucanPullulanResistantstarchMacromoleculedegradation,1680
SuccinateProductionexport,1680
TaurochenodeoxycholateConsumptionimport,1680
TaurocholateConsumptionimport,1680
TaurodeoxycholateConsumptionimport,1680
TaurolithocholateConsumptionimport,1680
UreaConsumptionimport,1680
XOSXylooligosaccharideConsumptionimport,1680
AcetateProductionexport,1683
D-FructoseFructoseConsumptionimport,1683
D-GalactoseConsumptionimport,1683
D-PsicoseConsumptionimport,1683
EthanolProductionexport,1683
FormateProductionexport,1683
L-LactateS-LactateLactateD-LactateR-LactateProductionexport,1683
LactoseConsumptionimport,1683
RaffinoseConsumptionimport,1683
StarchAmylopectinAmylose14-alpha-D-GlucanPullulanResistantstarchMacromoleculedegradation,1683
SuccinateProductionexport,1683
UreaConsumptionimport,1683
AcetateProductionexport,28025
ChenodeoxycholicacidChenodeoxycholateProductionexport,28025
CholicacidCholateProductionexport,28025
D-FructoseFructoseConsumptionimport,28025
D-GalactosamineGalactosamineConsumptionimport,28025
D-GalactoseConsumptionimport,28025
D-GlucosamineGlucosamineConsumptionimport,28025
D-GlucoseGlucoseConsumptionimport,28025
D-PsicoseConsumptionimport,28025
DeoxycholicacidProductionexport,28025
EthanolProductionexport,28025
FolicacidFolateVitaminB9Consumptionimportproductionexport,28025
FormateProductionexport,28025
FOSFructooligosaccharideConsumptionimport,28025
GlycochenodeoxycholateConsumptionimport,28025
GlycocholateConsumptionimport,28025
GlycodeoxycholateConsumptionimport,28025
GlycolithocholateConsumptionimport,28025
HemicelluloseMacromoleculedegradation,28025
L-LactateS-LactateLactateD-LactateR-LactateProductionexport,28025
LactoseConsumptionimport,28025
LithocholicacidProductionexport,28025
RaffinoseConsumptionimport,28025
StarchAmylopectinAmylose14-alpha-D-GlucanPullulanResistantstarchMacromoleculedegradation,28025
SuccinateProductionexport,28025
TaurochenodeoxycholateConsumptionimport,28025
TaurocholateConsumptionimport,28025
TaurodeoxycholateConsumptionimport,28025
TaurolithocholateConsumptionimport,28025
UreaConsumptionimport,28025
AcetateProductionexport,1681
AdenosylcobalaminVitaminB12CobamidecoenzymeCobIIalaminVitaminB12rCobIalaminVitaminB12sAquacobalaminCobalaminIIIProductionexport,1681
BiotinVitaminB7Productionexport,1681
ChenodeoxycholicacidChenodeoxycholateProductionexport,1681
CholicacidCholateProductionexport,1681
D-FructoseFructoseConsumptionimport,1681
D-GalactoseConsumptionimport,1681
D-GlucosamineGlucosamineConsumptionimport,1681
D-GlucoseGlucoseConsumptionimport,1681
D-MannitolMannitolConsumptionimport,1681
D-PsicoseConsumptionimport,1681
DeoxycholicacidProductionexport,1681
DimethylamineProductionexport,1681
EthanolProductionexport,1681
FolicacidFolateVitaminB9Productionexport,1681
FormateProductionexport,1681
FOSFructooligosaccharideConsumptionimport,1681
GlycochenodeoxycholateConsumptionimport,1681
GlycocholateConsumptionimport,1681
GlycodeoxycholateConsumptionimport,1681
GlycolithocholateConsumptionimport,1681
HemicelluloseMacromoleculedegradation,1681
L-LactateS-LactateLactateD-LactateR-LactateProductionexport,1681
LactoseConsumptionimport,1681
LithocholicacidProductionexport,1681
MenaquinoneVitaminK2Consumptionimport,1681
MethylamineMonomethylamineProductionexport,1681
MucinMucusGlycoproteinMacromoleculedegradation,1681
PectinMacromoleculedegradation,1681
PyridoxalVitaminB6PyridoxinePyridoxamineVitaminB6Productionexport,1681
RaffinoseConsumptionimport,1681
RiboflavinVitaminB2Consumptionimport,1681
StarchAmylopectinAmylose14-alpha-D-GlucanPullulanResistantstarchMacromoleculedegradation,1681
SuccinateProductionexport,1681
TaurochenodeoxycholateConsumptionimport,1681
TaurocholateConsumptionimport,1681
TaurodeoxycholateConsumptionimport,1681
TaurolithocholateConsumptionimport,1681
ThiamineVitaminB1ThiaminProductionexport,1681
UreaConsumptionimport,1681
AcetateProductionexport,1685
AdenosylcobalaminVitaminB12CobamidecoenzymeCobIIalaminVitaminB12rCobIalaminVitaminB12sAquacobalaminCobalaminIIIProductionexport,1685
CellobioseConsumptionimport,1685
CellotetraoseCellohexaoseCellopentaoseCellotrioseConsumptionimport,1685
ChenodeoxycholicacidChenodeoxycholateProductionexport,1685
CholicacidCholateProductionexport,1685
D-FructoseFructoseConsumptionimport,1685
D-GalactosamineGalactosamineConsumptionimport,1685
D-GalactoseConsumptionimport,1685
D-GlucosamineGlucosamineConsumptionimport,1685
D-GlucoseGlucoseConsumptionimport,1685
D-PsicoseConsumptionimport,1685
D-RiboseRiboseConsumptionimport,1685
DeoxycholicacidProductionexport,1685
DextrinMaltotrioseMaltodextrinMaltohexaoseMaltotetraoseMaltooligosaccharideConsumptionimport,1685
EthanolProductionexport,1685
FolicacidFolateVitaminB9Productionexport,1685
FormateProductionexport,1685
FOSFructooligosaccharideConsumptionimport,1685
GalactanMacromoleculedegradation,1685
GlycochenodeoxycholateConsumptionimport,1685
GlycocholateConsumptionimport,1685
GlycodeoxycholateConsumptionimport,1685
GlycolithocholateConsumptionimport,1685
IsomaltoseConsumptionimport,1685
L-FucoseConsumptionimport,1685
L-LactateS-LactateLactateD-LactateR-LactateProductionexport,1685
LactoseConsumptionimport,1685
LinoleicacidOmega-6fattyacidProductionexport,1685
LithocholicacidProductionexport,1685
MucinMucusGlycoproteinMacromoleculedegradation,1685
PectinMacromoleculedegradation,1685
PyridoxalVitaminB6PyridoxinePyridoxamineVitaminB6Productionexport,1685
RaffinoseConsumptionimport,1685
StarchAmylopectinAmylose14-alpha-D-GlucanPullulanResistantstarchMacromoleculedegradation,1685
SuccinateProductionexport,1685
SucroseConsumptionimport,1685
TaurochenodeoxycholateConsumptionimport,1685
TaurocholateConsumptionimport,1685
TaurodeoxycholateConsumptionimport,1685
TaurolithocholateConsumptionimport,1685
ThiamineVitaminB1ThiaminProductionexport,1685
TrehaloseConsumptionimport,1685
UreaConsumptionimport,1685
XOSXylooligosaccharideConsumptionimport,1685
AcetateProductionexport,28026
D-FructoseFructoseConsumptionimport,28026
D-GalactoseConsumptionimport,28026
D-GlucosamineGlucosamineConsumptionimport,28026
D-PsicoseConsumptionimport,28026
DextrinMaltotrioseMaltodextrinMaltohexaoseMaltotetraoseMaltooligosaccharideConsumptionimport,28026
EthanolProductionexport,28026
FolicacidFolateVitaminB9Productionexport,28026
FormateProductionexport,28026
FOSFructooligosaccharideConsumptionimport,28026
HemicelluloseMacromoleculedegradation,28026
L-FucoseConsumptionimport,28026
L-LactateS-LactateLactateD-LactateR-LactateProductionexport,28026
LactoseConsumptionimport,28026
LinoleicacidOmega-6fattyacidProductionexport,28026
RaffinoseConsumptionimport,28026
StarchAmylopectinAmylose14-alpha-D-GlucanPullulanResistantstarchMacromoleculedegradation,28026
SuccinateProductionexport,28026
UreaConsumptionimport,28026
4-AminobutyrateGABAProductionexport,1689
AcetateProductionexport,1689
D-FructoseFructoseConsumptionimport,1689
D-GalactosamineGalactosamineConsumptionimport,1689
D-GalactoseConsumptionimport,1689
D-GlucosamineGlucosamineConsumptionimport,1689
D-PsicoseConsumptionimport,1689
EthanolProductionexport,1689
FolicacidFolateVitaminB9Productionexport,1689
FormateProductionexport,1689
HemicelluloseMacromoleculedegradation,1689
L-LactateS-LactateLactateD-LactateR-LactateProductionexport,1689
LactoseConsumptionimport,1689
MenaquinoneVitaminK2Consumptionimport,1689
RaffinoseConsumptionimport,1689
StarchAmylopectinAmylose14-alpha-D-GlucanPullulanResistantstarchMacromoleculedegradation,1689
SuccinateProductionexport,1689
UreaConsumptionimport,1689
AcetateProductionexport,35833
ButanolConsumptionimport,35833
DeoxycholicacidProductionexport,35833
EthanolConsumptionimport,35833
FormateConsumptionimport,35833
GlycerolConsumptionimport,35833
H2HydrogenConsumptionimport,35833
H2SHS-Productionexport,35833
IsethionateConsumptionimport,35833
L-LactateS-LactateLactateD-LactateR-LactateConsumptionimport,35833
L-MalateS-MalateL-MalicacidMalateD-MalateR-MalateConsumptionimport,35833
NH3AmmoniaNH4AmmoniumProductionexport,35833
NitrateConsumptionimport,35833
Propanoln-propanol1-PropanolConsumptionimport,35833
PyruvateConsumptionimport,35833
SuccinateConsumptionimport,35833
SulfateSulfuricacidConsumptionimport,35833
TaurineConsumptionimport,35833
TaurochenodeoxycholateConsumptionimport,35833
TaurocholateConsumptionimport,35833
TaurodeoxycholateConsumptionimport,35833
TaurolithocholateConsumptionimport,35833
ThiosulfateConsumptionimport,35833
D-GlucoseGlucoseConsumptionimport,1322
H2HydrogenConsumptionimport,1322
L-LactateS-LactateLactateD-LactateR-LactateProductionexport,1322
LactoseConsumptionimport,1322
RaffinoseConsumptionimport,1322
AcetateConsumptionimportproductionexport,45851
ButyrateProductionexport,45851
CO2Productionexport,45851
DextrinMaltotrioseMaltodextrinMaltohexaoseMaltotetraoseMaltooligosaccharideConsumptionimport,45851
FormateProductionexport,45851
H2HydrogenProductionexport,45851
HemicelluloseMacromoleculedegradation,45851
Isobutyrate2-MethylpropanoicacidConsumptionimport,45851
Isovalerate3-MethylbutanoicacidConsumptionimport,45851
L-LactateS-LactateLactateD-LactateR-LactateProductionexport,45851
LactoseConsumptionimport,45851
MaltoseConsumptionimport,45851
PropanoatePropionateConsumptionimport,45851
StarchAmylopectinAmylose14-alpha-D-GlucanPullulanResistantstarchMacromoleculedegradation,45851
ValeratePentanoicacidPentanoateConsumptionimport,45851
FormateConsumptionimport,824
H2HydrogenConsumptionimport,824
CadaverineProductionexport,197
PutrescineProductionexport,197
SpermidineConsumptionimportproductionexport,197
SpermineProductionexport,197
13-PropanediolProductionexport,545
AcetateProductionexport,545
GlycerolConsumptionimport,545
13-PropanediolProductionexport,67825
AcetateProductionexport,67825
GlycerolConsumptionimport,67825
13-PropanediolProductionexport,133448
AcetateProductionexport,133448
GlycerolConsumptionimport,133448
12-propanediolPropenediolPropyleneglycolR-12-propanediolR-propane-12-diolS-12-propanediolS-propane-12-diolConsumptionimport,1492
4-Aminobenzoatepara-aminoBenzoicacidConsumptionimport,1492
AcetateProductionexport,1492
AcetoneProductionexport,1492
BiotinVitaminB7Consumptionimport,1492
ButyrateProductionexport,1492
CO2Productionexport,1492
D-GlucoseGlucoseConsumptionimport,1492
DextrinMaltotrioseMaltodextrinMaltohexaoseMaltotetraoseMaltooligosaccharideConsumptionimport,1492
EthanolProductionexport,1492
FOSFructooligosaccharideConsumptionimport,1492
GlycerolConsumptionimport,1492
H2HydrogenProductionexport,1492
MucinMucusGlycoproteinMacromoleculedegradation,1492
N2Consumptionimport,1492
NH3AmmoniaNH4AmmoniumProductionexport,1492
PantothenicacidVitaminB5PantothenateConsumptionimport,1492
PropanalProductionexport,1492
StarchAmylopectinAmylose14-alpha-D-GlucanPullulanResistantstarchMacromoleculedegradation,1492
UreaConsumptionimport,1492
AcetateProductionexport,1502
AcetoneProductionexport,1502
ButyrateProductionexport,1502
ChenodeoxycholicacidChenodeoxycholateConsumptionimportproductionexport,1502
CholicacidCholateConsumptionimportproductionexport,1502
CO2Productionexport,1502
DeoxycholicacidProductionexport,1502
DextrinMaltotrioseMaltodextrinMaltohexaoseMaltotetraoseMaltooligosaccharideConsumptionimport,1502
DimethylamineProductionexport,1502
EthanolProductionexport,1502
GlycochenodeoxycholateConsumptionimport,1502
GlycocholateConsumptionimport,1502
GlycodeoxycholateConsumptionimport,1502
GlycolithocholateConsumptionimport,1502
H2HydrogenProductionexport,1502
HistamineProductionexport,1502
HyaluronanHyaluronateHyaluronicacidMacromoleculedegradation,1502
L-ArginineArginineConsumptionimport,1502
L-AspartateAspartateD-AspartateConsumptionimport,1502
L-LactateS-LactateLactateD-LactateR-LactateProductionexport,1502
L-OrnithineOrnithineProductionexport,1502
LithocholicacidProductionexport,1502
MethylamineMonomethylamineProductionexport,1502
MucinMucusGlycoproteinMacromoleculedegradation,1502
NH3AmmoniaNH4AmmoniumProductionexport,1502
PantothenicacidVitaminB5PantothenateConsumptionimport,1502
PolypeptideMacromoleculedegradation,1502
PropanoatePropionateProductionexport,1502
SuccinateProductionexport,1502
TaurochenodeoxycholateConsumptionimport,1502
TaurocholateConsumptionimport,1502
TaurodeoxycholateConsumptionimport,1502
TaurolithocholateConsumptionimport,1502
UreaConsumptionimport,1502
CellobioseConsumptionimport,147207
D-FructoseFructoseConsumptionimport,147207
D-GalactoseConsumptionimport,147207
D-GlucoseGlucoseConsumptionimport,147207
D-MannoseMannoseConsumptionimport,147207
D-RiboseRiboseConsumptionimport,147207
EthanolProductionexport,147207
FormateProductionexport,147207
H2HydrogenProductionexport,147207
L-LactateS-LactateLactateD-LactateR-LactateProductionexport,147207
CellobioseConsumptionimport,147206
D-GlucoseGlucoseConsumptionimport,147206
EthanolProductionexport,147206
FormateProductionexport,147206
H2HydrogenProductionexport,147206
L-LactateS-LactateLactateD-LactateR-LactateProductionexport,147206
LactoseConsumptionimport,147206
MaltoseConsumptionimport,147206
TrehaloseConsumptionimport,147206
AcetateConsumptionimport,285
L-LactateS-LactateLactateD-LactateR-LactateConsumptionimport,285
PropanoatePropionateConsumptionimport,285
AcetateConsumptionimportproductionexport,116085
ButyrateProductionexport,116085
D-FructoseFructoseConsumptionimport,116085
D-MannitolMannitolConsumptionimport,116085
H2HydrogenProductionexport,116085
L-LactateS-LactateLactateD-LactateR-LactateConsumptionimportproductionexport,116085
PropanoatePropionateProductionexport,116085
AcetateProductionexport,410072
ButyrateProductionexport,410072
D-ArabinoseL-ArabinoseArabinoseL-ArabinopyranoseL-ArabinofuranoseConsumptionimport,410072
D-FructoseFructoseConsumptionimport,410072
D-GalactoseConsumptionimport,410072
D-GlucoseGlucoseConsumptionimport,410072
D-XyloseXyloseConsumptionimport,410072
FOSFructooligosaccharideConsumptionimport,410072
L-LactateS-LactateLactateD-LactateR-LactateProductionexport,410072
LactoseConsumptionimport,410072
MaltoseConsumptionimport,410072
PropanoatePropionateProductionexport,410072
RaffinoseConsumptionimport,410072
SucroseConsumptionimport,410072
AcetateConsumptionimportproductionexport,33043
ButyrateProductionexport,33043
CellobioseConsumptionimport,33043
CO2Productionexport,33043
D-FructoseFructoseConsumptionimport,33043
D-GlucoseGlucoseConsumptionimport,33043
D-MannoseMannoseConsumptionimport,33043
EthanolProductionexport,33043
FormateProductionexport,33043
FOSFructooligosaccharideConsumptionimport,33043
H2HydrogenProductionexport,33043
L-LactateS-LactateLactateD-LactateR-LactateProductionexport,33043
LactoseConsumptionimport,33043
MaltoseConsumptionimport,33043
MelibioseConsumptionimport,33043
RaffinoseConsumptionimport,33043
StarchAmylopectinAmylose14-alpha-D-GlucanPullulanResistantstarchMacromoleculedegradation,33043
SucroseConsumptionimport,33043
AcetateConsumptionimportproductionexport,876
ButyrateConsumptionimport,876
CO2Consumptionimport,876
EthanolConsumptionimport,876
FormateConsumptionimport,876
GlycerolConsumptionimport,876
H2HydrogenConsumptionimport,876
H2SHS-Productionexport,876
IndoleConsumptionimport,876
L-LactateS-LactateLactateD-LactateR-LactateConsumptionimport,876
PhenolConsumptionimport,876
PropanoatePropionateConsumptionimport,876
PyruvateConsumptionimport,876
SuccinateConsumptionimport,876
SulfateSulfuricacidConsumptionimport,876
AcetateConsumptionimportproductionexport,901
ButyrateConsumptionimport,901
CO2Consumptionimport,901
D-GlucoseGlucoseConsumptionimport,901
EthanolConsumptionimport,901
FormateConsumptionimport,901
GlycerolConsumptionimport,901
H2HydrogenConsumptionimport,901
H2SHS-Productionexport,901
IndoleConsumptionimport,901
L-LactateS-LactateLactateD-LactateR-LactateConsumptionimportproductionexport,901
MaltoseConsumptionimport,901
NH3AmmoniaNH4AmmoniumConsumptionimportproductionexport,901
PhenolConsumptionimport,901
PropanoatePropionateConsumptionimport,901
PyruvateConsumptionimport,901
SuccinateConsumptionimport,901
SucroseConsumptionimport,901
SulfateSulfuricacidConsumptionimport,901
UreaConsumptionimport,901
AcetateConsumptionimportproductionexport,881
ButyrateConsumptionimport,881
CO2Consumptionimportproductionexport,881
EthanolConsumptionimport,881
FormateConsumptionimportproductionexport,881
GlycerolConsumptionimport,881
H2HydrogenConsumptionimportproductionexport,881
H2SHS-Productionexport,881
IndoleConsumptionimport,881
L-LactateS-LactateLactateD-LactateR-LactateConsumptionimport,881
L-MalateS-MalateL-MalicacidMalateD-MalateR-MalateConsumptionimport,881
NH3AmmoniaNH4AmmoniumConsumptionimport,881
PhenolConsumptionimport,881
PropanoatePropionateConsumptionimport,881
PyruvateConsumptionimport,881
SuccinateConsumptionimport,881
SulfateSulfuricacidConsumptionimport,881
AcetateProductionexport,218538
PropanoatePropionateProductionexport,218538
AcetateProductionexport,39486
CO2Productionexport,39486
D-FructoseFructoseConsumptionimport,39486
D-GalactoseConsumptionimport,39486
D-GlucoseGlucoseConsumptionimport,39486
EthanolProductionexport,39486
FormateProductionexport,39486
H2HydrogenProductionexport,39486
L-LactateS-LactateLactateD-LactateR-LactateProductionexport,39486
LactoseConsumptionimport,39486
MaltoseConsumptionimport,39486
N-AcetylneuraminicacidN-acetylneuraminateNeu5AcSialicacidConsumptionimport,39486
PyruvateConsumptionimport,39486
AcetateProductionexport,88431
D-ArabinoseL-ArabinoseArabinoseL-ArabinopyranoseL-ArabinofuranoseConsumptionimport,88431
D-FructoseFructoseConsumptionimport,88431
D-GalactoseConsumptionimport,88431
D-GlucosamineGlucosamineConsumptionimport,88431
D-GlucoseGlucoseConsumptionimport,88431
D-SorbitolD-GlucitolSorbitolGlucitolL-SorbitolSorbitolConsumptionimport,88431
D-XyloseXyloseConsumptionimport,88431
EthanolProductionexport,88431
FormateProductionexport,88431
FOSFructooligosaccharideConsumptionimport,88431
Inositolmyo-InositolInositol1-phosphateMyo-inositolphosphateConsumptionimport,88431
LactoseConsumptionimport,88431
MaltoseConsumptionimport,88431
N-AcetylneuraminicacidN-acetylneuraminateNeu5AcSialicacidConsumptionimport,88431
SucroseConsumptionimport,88431
MenaquinoneVitaminK2Productionexport,84112
RR-23-ButanediolRR-ButanediolSS-23-ButanediolSS-ButanediolProductionexport,69218
LactoseConsumptionimport,69218
NH3AmmoniaNH4AmmoniumProductionexport,69218
RR-23-ButanediolRR-ButanediolSS-23-ButanediolSS-ButanediolProductionexport,550
CadaverineProductionexport,550
LactoseConsumptionimport,550
NH3AmmoniaNH4AmmoniumProductionexport,550
PutrescineProductionexport,550
AcetateProductionexport,37734
D-TagatoseConsumptionimport,37734
H2HydrogenProductionexport,37734
L-LactateS-LactateLactateD-LactateR-LactateProductionexport,37734
LactoseConsumptionimport,37734
AcetateProductionexport,1353
CelluloseBeta-D-glucanMacromoleculedegradation,1353
D-TagatoseConsumptionimport,1353
H2HydrogenProductionexport,1353
L-LactateS-LactateLactateD-LactateR-LactateProductionexport,1353
LactoseConsumptionimport,1353
AcetateProductionexport,208962
CO2Productionexport,208962
EthanolProductionexport,208962
FormateProductionexport,208962
L-LactateS-LactateLactateD-LactateR-LactateProductionexport,208962
SuccinateProductionexport,208962
4-AminobutyrateGABAProductionexport,562
AcetateProductionexport,562
AdenosylcobalaminVitaminB12CobamidecoenzymeCobIIalaminVitaminB12rCobIalaminVitaminB12sAquacobalaminCobalaminIIIConsumptionimportproductionexport,562
BetaineGlycinebetaineConsumptionimport,562
BiotinVitaminB7Productionexport,562
CadaverineProductionexport,562
ChenodeoxycholicacidChenodeoxycholateConsumptionimport,562
CholicacidCholateConsumptionimport,562
CO2Productionexport,562
D-FructuronateConsumptionimport,562
D-GalactoseConsumptionimport,562
D-GalacturonateConsumptionimport,562
D-GluconateD-GluconicacidGluconateConsumptionimport,562
D-GlucoseGlucoseConsumptionimport,562
D-GlucuronicacidD-GlucuronateConsumptionimport,562
D-RiboseRiboseConsumptionimport,562
D-TagaturonateConsumptionimport,562
DimethylamineProductionexport,562
EthanolProductionexport,562
FolicacidFolateVitaminB9Productionexport,562
FormaldehydeProductionexport,562
FormateProductionexport,562
H2HydrogenProductionexport,562
IndoleProductionexport,562
Indole-3-acetateIndoleacetateConsumptionimportproductionexport,562
L-GlutamateL-GlutamicacidGlutamateD-GlutamateConsumptionimport,562
L-GlutamineD-GlutamineGlutamineConsumptionimport,562
L-HistidineHistidineConsumptionimport,562
L-IdonateConsumptionimport,562
L-IsoleucineIsoleucineConsumptionimport,562
L-LactateS-LactateLactateD-LactateR-LactateProductionexport,562
L-LeucineLeucineConsumptionimport,562
L-MalateS-MalateL-MalicacidMalateD-MalateR-MalateConsumptionimport,562
L-ThreonineThreonineProductionexport,562
L-ValineValineD-ValineConsumptionimport,562
LactoseConsumptionimport,562
MaltoseConsumptionimport,562
MenaquinoneVitaminK2Productionexport,562
MethanolProductionexport,562
NH3AmmoniaNH4AmmoniumProductionexport,562
NiacinVitaminB3NicotinicacidNicotinateNicotinamideVitaminB3Consumptionimportproductionexport,562
NitrateConsumptionimport,562
PentanolProductionexport,562
PutrescineProductionexport,562
PyridoxalVitaminB6PyridoxinePyridoxamineVitaminB6Consumptionimport,562
RiboflavinVitaminB2Productionexport,562
SuccinateConsumptionimportproductionexport,562
SulfateSulfuricacidConsumptionimport,562
ThiamineVitaminB1ThiaminConsumptionimportproductionexport,562
ThiosulfateConsumptionimport,562
TrimethylamineProductionexport,562
AcetateConsumptionimportproductionexport,1736
ButyrateProductionexport,1736
CO2Productionexport,1736
D-GlucoseGlucoseConsumptionimport,1736
EthanolConsumptionimport,1736
FormateProductionexport,1736
H2HydrogenConsumptionimportproductionexport,1736
L-LactateS-LactateLactateD-LactateR-LactateConsumptionimportproductionexport,1736
MethanolConsumptionimport,1736
AcetateConsumptionimport,39496
ButyrateProductionexport,39496
CO2Productionexport,39496
FormateProductionexport,39496
H2HydrogenProductionexport,39496
L-LactateS-LactateLactateD-LactateR-LactateProductionexport,39496
AcetateConsumptionimportproductionexport,853
ButyrateProductionexport,853
CO2Productionexport,853
D-FructoseFructoseConsumptionimport,853
D-GlucoseGlucoseConsumptionimport,853
DimethylamineProductionexport,853
FormateProductionexport,853
FOSFructooligosaccharideConsumptionimport,853
L-LactateS-LactateLactateD-LactateR-LactateProductionexport,853
MethylamineMonomethylamineProductionexport,853
N-Acetyl-D-GlucosamineN-AcetylglucosamineConsumptionimport,853
N-AcetylneuraminicacidN-acetylneuraminateNeu5AcSialicacidConsumptionimport,853
NH3AmmoniaNH4AmmoniumProductionexport,853
PectinMacromoleculedegradation,853
PropanoatePropionateProductionexport,853
RiboflavinVitaminB2Consumptionimport,853
TrimethylamineProductionexport,853
TrimethylamineN-oxideTrimethylamine-N-oxideProductionexport,853
AcetateProductionexport,1260
L-ArginineArginineConsumptionimport,1260
L-HistidineHistidineConsumptionimport,1260
L-LeucineLeucineConsumptionimport,1260
ButyrateProductionexport,849
ButyrateProductionexport,850
SucroseConsumptionimport,850
AcetateConsumptionimportproductionexport,851
ButyrateProductionexport,851
D-GlucoseGlucoseConsumptionimport,851
L-AspartateAspartateD-AspartateConsumptionimport,851
L-CysteineCysteineD-CysteineConsumptionimport,851
L-GlutamateL-GlutamicacidGlutamateD-GlutamateConsumptionimport,851
L-GlutamineD-GlutamineGlutamineConsumptionimport,851
L-HistidineHistidineConsumptionimport,851
L-LactateS-LactateLactateD-LactateR-LactateProductionexport,851
L-LysineLysineD-LysineConsumptionimport,851
L-MethionineD-MethionineConsumptionimport,851
L-SerineSerineD-SerineConsumptionimport,851
L-ThreonineThreonineConsumptionimport,851
N-AcetylneuraminicacidN-acetylneuraminateNeu5AcSialicacidConsumptionimport,851
NH3AmmoniaNH4AmmoniumProductionexport,851
ButyrateProductionexport,860
ButyrateProductionexport,861
ButyrateProductionexport,856
D-GlucoseGlucoseConsumptionimport,727
L-LactateS-LactateLactateD-LactateR-LactateConsumptionimport,727
D-GlucoseGlucoseConsumptionimport,729
L-LactateS-LactateLactateD-LactateR-LactateConsumptionimport,729
MenaquinoneVitaminK2Consumptionimport,729
CO2Productionexport,210
MucinMucusGlycoproteinMacromoleculedegradation,210
NH3AmmoniaNH4AmmoniumProductionexport,210
UreaConsumptionimport,210
AcetateProductionexport,61171
CellobioseConsumptionimport,61171
D-ArabinoseL-ArabinoseArabinoseL-ArabinopyranoseL-ArabinofuranoseConsumptionimport,61171
D-FructoseFructoseConsumptionimport,61171
D-GlucoseGlucoseConsumptionimport,61171
D-MannitolMannitolConsumptionimport,61171
D-MannoseMannoseConsumptionimport,61171
D-RiboseRiboseConsumptionimport,61171
D-SorbitolD-GlucitolSorbitolGlucitolL-SorbitolSorbitolConsumptionimport,61171
D-XyloseXyloseConsumptionimport,61171
ErythritolConsumptionimport,61171
Inositolmyo-InositolInositol1-phosphateMyo-inositolphosphateConsumptionimport,61171
L-LactateS-LactateLactateD-LactateR-LactateProductionexport,61171
L-RhamnoseRhamnoseD-RhamnoseConsumptionimport,61171
MelibioseConsumptionimport,61171
RaffinoseConsumptionimport,61171
StarchAmylopectinAmylose14-alpha-D-GlucanPullulanResistantstarchMacromoleculedegradation,61171
SuccinateProductionexport,61171
SucroseConsumptionimport,61171
TrehaloseConsumptionimport,61171
RR-23-ButanediolRR-ButanediolSS-23-ButanediolSS-ButanediolProductionexport,244366
CO2Productionexport,244366
NH3AmmoniaNH4AmmoniumProductionexport,244366
UreaConsumptionimport,244366
AcetateProductionexport,1579
BiotinVitaminB7Consumptionimport,1579
ChenodeoxycholicacidChenodeoxycholateProductionexport,1579
CholicacidCholateProductionexport,1579
CO2Productionexport,1579
D-FructoseFructoseConsumptionimport,1579
D-GlucoseGlucoseConsumptionimport,1579
D-MannitolMannitolConsumptionimport,1579
D-MannoseMannoseConsumptionimport,1579
DeoxycholicacidProductionexport,1579
DextrinMaltotrioseMaltodextrinMaltohexaoseMaltotetraoseMaltooligosaccharideConsumptionimport,1579
EthanolProductionexport,1579
FolicacidFolateVitaminB9Productionexport,1579
FOSFructooligosaccharideConsumptionimport,1579
GlycerolConsumptionimport,1579
GlycochenodeoxycholateConsumptionimport,1579
GlycocholateConsumptionimport,1579
GlycodeoxycholateConsumptionimport,1579
GlycolithocholateConsumptionimport,1579
L-LactateS-LactateLactateD-LactateR-LactateProductionexport,1579
LithocholicacidProductionexport,1579
PantothenicacidVitaminB5PantothenateConsumptionimport,1579
PutrescineProductionexport,1579
RaffinoseConsumptionimport,1579
RiboflavinVitaminB2Consumptionimport,1579
TaurochenodeoxycholateConsumptionimport,1579
TaurocholateConsumptionimport,1579
TaurodeoxycholateConsumptionimport,1579
TaurolithocholateConsumptionimport,1579
TryptamineProductionexport,1579
XOSXylooligosaccharideConsumptionimport,1579
AcetateProductionexport,83683
CO2Productionexport,83683
D-FructoseFructoseConsumptionimport,83683
EthanolProductionexport,83683
L-LactateS-LactateLactateD-LactateR-LactateProductionexport,83683
PantothenicacidVitaminB5PantothenateConsumptionimport,83683
AcetateProductionexport,1604
CO2Productionexport,1604
D-FructoseFructoseConsumptionimport,1604
D-GlucoseGlucoseConsumptionimport,1604
EthanolProductionexport,1604
L-LactateS-LactateLactateD-LactateR-LactateProductionexport,1604
PantothenicacidVitaminB5PantothenateConsumptionimport,1604
AcetateProductionexport,47770
CO2Productionexport,47770
D-FructoseFructoseConsumptionimport,47770
EthanolProductionexport,47770
L-LactateS-LactateLactateD-LactateR-LactateProductionexport,47770
PantothenicacidVitaminB5PantothenateConsumptionimport,47770
AcetateProductionexport,1584
AdenosylcobalaminVitaminB12CobamidecoenzymeCobIIalaminVitaminB12rCobIalaminVitaminB12sAquacobalaminCobalaminIIIConsumptionimport,1584
CO2Productionexport,1584
D-FructoseFructoseConsumptionimport,1584
D-MannitolMannitolConsumptionimport,1584
EthanolProductionexport,1584
GlycerolConsumptionimport,1584
L-LactateS-LactateLactateD-LactateR-LactateProductionexport,1584
LactoseConsumptionimport,1584
PantothenicacidVitaminB5PantothenateConsumptionimport,1584
PolypeptideMacromoleculedegradation,1584
PyridoxalVitaminB6PyridoxinePyridoxamineVitaminB6Consumptionimport,1584
RiboflavinVitaminB2Consumptionimport,1584
AcetateProductionexport,1596
ChenodeoxycholicacidChenodeoxycholateProductionexport,1596
CholicacidCholateProductionexport,1596
CO2Productionexport,1596
D-FructoseFructoseConsumptionimport,1596
D-GlucoseGlucoseConsumptionimport,1596
D-MannitolMannitolConsumptionimport,1596
DeoxycholicacidProductionexport,1596
EthanolProductionexport,1596
FolicacidFolateVitaminB9Consumptionimport,1596
GlycochenodeoxycholateConsumptionimport,1596
GlycocholateConsumptionimport,1596
GlycodeoxycholateConsumptionimport,1596
GlycolithocholateConsumptionimport,1596
L-LactateS-LactateLactateD-LactateR-LactateProductionexport,1596
LactoseConsumptionimport,1596
LithocholicacidProductionexport,1596
MucinMucusGlycoproteinMacromoleculedegradation,1596
PantothenicacidVitaminB5PantothenateConsumptionimport,1596
TaurochenodeoxycholateConsumptionimport,1596
TaurocholateConsumptionimport,1596
TaurodeoxycholateConsumptionimport,1596
TaurolithocholateConsumptionimport,1596
AcetateProductionexport,1587
CO2Productionexport,1587
D-FructoseFructoseConsumptionimport,1587
D-TagatoseConsumptionimport,1587
DextrinMaltotrioseMaltodextrinMaltohexaoseMaltotetraoseMaltooligosaccharideConsumptionimport,1587
EthanolProductionexport,1587
FOSFructooligosaccharideConsumptionimport,1587
L-LactateS-LactateLactateD-LactateR-LactateProductionexport,1587
LactoseConsumptionimport,1587
PantothenicacidVitaminB5PantothenateConsumptionimport,1587
PyridoxalVitaminB6PyridoxinePyridoxamineVitaminB6Productionexport,1587
RiboflavinVitaminB2Consumptionimport,1587
ThiamineVitaminB1ThiaminProductionexport,1587
AcetateProductionexport,147802
CO2Productionexport,147802
D-FructoseFructoseConsumptionimport,147802
EthanolProductionexport,147802
L-LactateS-LactateLactateD-LactateR-LactateProductionexport,147802
PantothenicacidVitaminB5PantothenateConsumptionimport,147802
AcetateProductionexport,33959
ChenodeoxycholicacidChenodeoxycholateProductionexport,33959
CholicacidCholateProductionexport,33959
CO2Productionexport,33959
D-FructoseFructoseConsumptionimport,33959
D-GlucoseGlucoseConsumptionimport,33959
DeoxycholicacidProductionexport,33959
EthanolProductionexport,33959
GlycochenodeoxycholateConsumptionimport,33959
GlycocholateConsumptionimport,33959
GlycodeoxycholateConsumptionimport,33959
L-LactateS-LactateLactateD-LactateR-LactateProductionexport,33959
LactoseConsumptionimport,33959
PantothenicacidVitaminB5PantothenateConsumptionimport,33959
TaurochenodeoxycholateConsumptionimport,33959
TaurocholateConsumptionimport,33959
TaurodeoxycholateConsumptionimport,33959
AcetateProductionexport,227945
CO2Productionexport,227945
D-FructoseFructoseConsumptionimport,227945
EthanolProductionexport,227945
L-LactateS-LactateLactateD-LactateR-LactateProductionexport,227945
PantothenicacidVitaminB5PantothenateConsumptionimport,227945
AcetateProductionexport,1358
ChitinMacromoleculedegradation,1358
EthanolProductionexport,1358
FolicacidFolateVitaminB9Consumptionimportproductionexport,1358
FormateProductionexport,1358
L-LactateS-LactateLactateD-LactateR-LactateProductionexport,1358
MenaquinoneVitaminK2Productionexport,1358
PantothenicacidVitaminB5PantothenateConsumptionimport,1358
PyridoxalVitaminB6PyridoxinePyridoxamineVitaminB6Consumptionimport,1358
RiboflavinVitaminB2Consumptionimportproductionexport,1358
ThiamineVitaminB1ThiaminConsumptionimport,1358
XOSXylooligosaccharideConsumptionimport,1358
CellobioseConsumptionimport,157688
D-GlucoseGlucoseConsumptionimport,157688
D-TuranoseConsumptionimport,157688
L-LactateS-LactateLactateD-LactateR-LactateProductionexport,157688
LactoseConsumptionimport,157688
MaltoseConsumptionimport,157688
CO2Productionexport,33964
EthanolProductionexport,33964
L-LactateS-LactateLactateD-LactateR-LactateProductionexport,33964
BiotinVitaminB7Consumptionimport,1245
CO2Productionexport,1245
D-FructoseFructoseConsumptionimport,1245
D-GlucoseGlucoseConsumptionimport,1245
EthanolProductionexport,1245
L-LactateS-LactateLactateD-LactateR-LactateProductionexport,1245
LactoseConsumptionimport,1245
NiacinVitaminB3NicotinicacidNicotinateNicotinamideVitaminB3Consumptionimport,1245
PantothenicacidVitaminB5PantothenateConsumptionimport,1245
PyridoxalVitaminB6PyridoxinePyridoxamineVitaminB6Consumptionimport,1245
RiboflavinVitaminB2Consumptionimportproductionexport,1245
ThiamineVitaminB1ThiaminConsumptionimport,1245
AcetateProductionexport,168384
CellobioseConsumptionimport,168384
CelluloseBeta-D-glucanMacromoleculedegradation,168384
CO2Productionexport,168384
D-ArabinoseL-ArabinoseArabinoseL-ArabinopyranoseL-ArabinofuranoseConsumptionimport,168384
D-FructoseFructoseConsumptionimport,168384
D-GalactoseConsumptionimport,168384
D-GlucoseGlucoseConsumptionimport,168384
D-MannoseMannoseConsumptionimport,168384
D-XyloseXyloseConsumptionimport,168384
FormateConsumptionimport,168384
H2HydrogenConsumptionimport,168384
L-LactateS-LactateLactateD-LactateR-LactateProductionexport,168384
LactoseConsumptionimport,168384
MaltoseConsumptionimport,168384
N-Acetyl-D-GlucosamineN-AcetylglucosamineConsumptionimport,168384
RaffinoseConsumptionimport,168384
StachyoseConsumptionimport,168384
SuccinateProductionexport,168384
SucroseConsumptionimport,168384
TrehaloseConsumptionimport,168384
AcetateProductionexport,187326
ButyrateProductionexport,187326
D-GlucoseGlucoseConsumptionimport,187326
L-LactateS-LactateLactateD-LactateR-LactateConsumptionimport,187326
PropanoatePropionateProductionexport,187326
ValeratePentanoicacidPentanoateProductionexport,187326
AcetateConsumptionimport,2173
BicarbonateHCO3-H2CO3CarbonicacidCarbonateConsumptionimport,2173
CO2Consumptionimport,2173
EthanolConsumptionimport,2173
FormateConsumptionimport,2173
H2HydrogenConsumptionimport,2173
MethaneCH4Productionexport,2173
MethanolConsumptionimport,2173
NH3AmmoniaNH4AmmoniumConsumptionimport,2173
AcetateConsumptionimport,2317
DimethylamineConsumptionimport,2317
H2HydrogenConsumptionimport,2317
MethaneCH4Productionexport,2317
MethanolConsumptionimport,2317
MethylamineMonomethylamineConsumptionimport,2317
TrimethylamineConsumptionimport,2317
NH3AmmoniaNH4AmmoniumProductionexport,1270
TriglycerideMacromoleculedegradation,1270
MucinMucusGlycoproteinMacromoleculedegradation,52226
NitrateConsumptionimport,484
NiacinVitaminB3NicotinicacidNicotinateNicotinamideVitaminB3Consumptionimport,485
PantothenicacidVitaminB5PantothenateConsumptionimport,485
PyridoxalVitaminB6PyridoxinePyridoxamineVitaminB6Consumptionimport,485
ThiamineVitaminB1ThiaminConsumptionimport,485
NitrateConsumptionimport,488
AcetateProductionexport,28118
ButyrateProductionexport,28118
D-ArabinoseL-ArabinoseArabinoseL-ArabinopyranoseL-ArabinofuranoseConsumptionimport,28118
D-FructoseFructoseConsumptionimport,28118
D-GalactoseConsumptionimport,28118
D-GlucoseGlucoseConsumptionimport,28118
D-MannoseMannoseConsumptionimport,28118
H2HydrogenProductionexport,28118
H2SHS-Productionexport,28118
IndoleProductionexport,28118
Isobutyrate2-MethylpropanoicacidProductionexport,28118
Isovalerate3-MethylbutanoicacidProductionexport,28118
L-LysineLysineD-LysineConsumptionimport,28118
L-TryptophanTryptophanConsumptionimport,28118
LactoseConsumptionimport,28118
PropanoatePropionateProductionexport,28118
SuccinateProductionexport,28118
L-LactateS-LactateLactateD-LactateR-LactateProductionexport,1247
CO2Productionexport,847
FormateProductionexport,847
OxalateConsumptionimport,847
AdenosylcobalaminVitaminB12CobamidecoenzymeCobIIalaminVitaminB12rCobIalaminVitaminB12sAquacobalaminCobalaminIIIConsumptionimport,823
CellobioseConsumptionimport,823
D-GlucoseGlucoseConsumptionimport,823
D-MannoseMannoseConsumptionimport,823
D-XyloseXyloseConsumptionimport,823
HemicelluloseMacromoleculedegradation,823
L-CysteineCysteineD-CysteineConsumptionimport,823
L-MethionineD-MethionineConsumptionimport,823
L-RhamnoseRhamnoseD-RhamnoseConsumptionimport,823
LactoseConsumptionimport,823
MucinMucusGlycoproteinMacromoleculedegradation,823
NH3AmmoniaNH4AmmoniumConsumptionimport,823
RaffinoseConsumptionimport,823
StarchAmylopectinAmylose14-alpha-D-GlucanPullulanResistantstarchMacromoleculedegradation,823
SucroseConsumptionimport,823
TrehaloseConsumptionimport,823
AcetateProductionexport,46503
D-GlucoseGlucoseConsumptionimport,46503
D-MannoseMannoseConsumptionimport,46503
D-XyloseXyloseConsumptionimport,46503
LactoseConsumptionimport,46503
MaltoseConsumptionimport,46503
RaffinoseConsumptionimport,46503
SuccinateProductionexport,46503
SucroseConsumptionimport,46503
TrehaloseConsumptionimport,46503
D-FructoseFructoseConsumptionimport,1254
L-LactateS-LactateLactateD-LactateR-LactateProductionexport,1254
LactoseConsumptionimport,1254
L-LactateS-LactateLactateD-LactateR-LactateProductionexport,1255
ButyrateProductionexport,54005
IndoleProductionexport,54005
L-ArginineArginineConsumptionimport,54005
L-HistidineHistidineConsumptionimport,54005
ButyrateProductionexport,33031
IndoleProductionexport,33031
L-ArginineArginineConsumptionimport,33031
L-HistidineHistidineConsumptionimport,33031
L-LeucineLeucineConsumptionimport,33031
L-PhenylalaninePhenylalanineD-PhenylalanineConsumptionimport,33031
AcetateProductionexport,1261
CO2Productionexport,1261
D-GlucoseGlucoseConsumptionimport,1261
D-MannoseMannoseConsumptionimport,1261
Isobutyrate2-MethylpropanoicacidProductionexport,1261
Isovalerate3-MethylbutanoicacidProductionexport,1261
L-ProlineProlineD-ProlineConsumptionimport,1261
NH3AmmoniaNH4AmmoniumProductionexport,1261
AcetateProductionexport,341694
CO2Productionexport,341694
NH3AmmoniaNH4AmmoniumProductionexport,341694
2-OxobutyrateAlpha-ketobutyrate2-OxobutanoateConsumptionimport,28123
CO2Productionexport,28123
H2HydrogenProductionexport,28123
PropanoatePropionateProductionexport,28123
AcetateProductionexport,28125
PropanoatePropionateProductionexport,28125
SuccinateProductionexport,28125
AcetateProductionexport,28130
PropanoatePropionateProductionexport,28130
SuccinateProductionexport,28130
AdenosylcobalaminVitaminB12CobamidecoenzymeCobIIalaminVitaminB12rCobIalaminVitaminB12sAquacobalaminCobalaminIIIConsumptionimport,584
NH3AmmoniaNH4AmmoniumProductionexport,584
UreaConsumptionimport,584
NH3AmmoniaNH4AmmoniumProductionexport,102862
UreaConsumptionimport,102862
AcetateProductionexport,106588
SuccinateProductionexport,106588
RR-23-ButanediolRR-ButanediolSS-23-ButanediolSS-ButanediolConsumptionimport,287
4-AminobutyrateGABAProductionexport,287
AdenosylcobalaminVitaminB12CobamidecoenzymeCobIIalaminVitaminB12rCobIalaminVitaminB12sAquacobalaminCobalaminIIIConsumptionimport,287
CO2Consumptionimportproductionexport,287
D-GlucoseGlucoseConsumptionimport,287
EthanolProductionexport,287
FormaldehydeProductionexport,287
L-LactateS-LactateLactateD-LactateR-LactateConsumptionimport,287
L-MalateS-MalateL-MalicacidMalateD-MalateR-MalateConsumptionimport,287
N2Productionexport,287
NH3AmmoniaNH4AmmoniumConsumptionimportproductionexport,287
NitrateConsumptionimport,287
PutrescineConsumptionimport,287
SuccinateConsumptionimport,287
TriglycerideMacromoleculedegradation,287
TrimethylamineProductionexport,287
4-AminobutyrateGABAProductionexport,294
N2Productionexport,294
NH3AmmoniaNH4AmmoniumProductionexport,294
NitrateConsumptionimport,294
TriglycerideMacromoleculedegradation,294
AcetateConsumptionimport,300
D-GlucoseGlucoseConsumptionimport,300
FormateConsumptionimport,300
MethanolConsumptionimport,300
MethylamineMonomethylamineConsumptionimport,300
N2Productionexport,300
NH3AmmoniaNH4AmmoniumProductionexport,300
NitrateConsumptionimport,300
TriglycerideMacromoleculedegradation,300
DNARNAPolynucleotideMacromoleculedegradation,303
FormaldehydeConsumptionimport,303
N2Productionexport,303
NH3AmmoniaNH4AmmoniumProductionexport,303
NitrateConsumptionimport,303
TriglycerideMacromoleculedegradation,303
AcetateProductionexport,638849
H2SHS-Productionexport,638849
Isobutyrate2-MethylpropanoicacidProductionexport,638849
Isovalerate3-MethylbutanoicacidProductionexport,638849
L-GlycineGlycineConsumptionimport,638849
PhenylacetateProductionexport,638849
PropanoatePropionateProductionexport,638849
SuccinateProductionexport,638849
SulfateSulfuricacidConsumptionimport,638849
ThiosulfateConsumptionimport,638849
AcetateConsumptionimport,166486
ButyrateProductionexport,166486
CellobioseConsumptionimport,166486
CO2Productionexport,166486
D-ArabinoseL-ArabinoseArabinoseL-ArabinopyranoseL-ArabinofuranoseConsumptionimport,166486
D-FructoseFructoseConsumptionimport,166486
D-GlucoseGlucoseConsumptionimport,166486
D-XyloseXyloseConsumptionimport,166486
FormateProductionexport,166486
FOSFructooligosaccharideConsumptionimport,166486
FructanInulinLevanMacromoleculedegradation,166486
H2HydrogenProductionexport,166486
HemicelluloseMacromoleculedegradation,166486
L-LactateS-LactateLactateD-LactateR-LactateConsumptionimportproductionexport,166486
LinoleicacidOmega-6fattyacidConsumptionimport,166486
MaltoseConsumptionimport,166486
MelibioseConsumptionimport,166486
PropanoatePropionateProductionexport,166486
RaffinoseConsumptionimport,166486
StarchAmylopectinAmylose14-alpha-D-GlucanPullulanResistantstarchMacromoleculedegradation,166486
SucroseConsumptionimport,166486
XOSXylooligosaccharideConsumptionimport,166486
AcetateConsumptionimport,360807
ButyrateProductionexport,360807
FormateProductionexport,360807
FOSFructooligosaccharideConsumptionimport,360807
L-FucoseConsumptionimport,360807
L-LactateS-LactateLactateD-LactateR-LactateProductionexport,360807
LinoleicacidOmega-6fattyacidConsumptionimport,360807
PropanoatePropionateProductionexport,360807
Propanoln-propanol1-PropanolProductionexport,360807
StarchAmylopectinAmylose14-alpha-D-GlucanPullulanResistantstarchMacromoleculedegradation,360807
XOSXylooligosaccharideConsumptionimport,360807
2-methylbutyrate2-methylbutanoicacidConsumptionimport,40518
AcetateProductionexport,40518
AdenosylcobalaminVitaminB12CobamidecoenzymeCobIIalaminVitaminB12rCobIalaminVitaminB12sAquacobalaminCobalaminIIIConsumptionimport,40518
BicarbonateHCO3-H2CO3CarbonicacidCarbonateConsumptionimport,40518
BiotinVitaminB7Consumptionimport,40518
D-FructoseFructoseConsumptionimport,40518
D-PsicoseConsumptionimport,40518
DextrinMaltotrioseMaltodextrinMaltohexaoseMaltotetraoseMaltooligosaccharideConsumptionimport,40518
EthanolProductionexport,40518
FormateProductionexport,40518
FOSFructooligosaccharideConsumptionimport,40518
H2HydrogenProductionexport,40518
Isobutyrate2-MethylpropanoicacidConsumptionimport,40518
Isovalerate3-MethylbutanoicacidConsumptionimport,40518
L-CysteineCysteineD-CysteineConsumptionimport,40518
L-LactateS-LactateLactateD-LactateR-LactateProductionexport,40518
MaltoseConsumptionimport,40518
NH3AmmoniaNH4AmmoniumConsumptionimport,40518
PantothenicacidVitaminB5PantothenateConsumptionimport,40518
PyridoxalVitaminB6PyridoxinePyridoxamineVitaminB6Consumptionimport,40518
RiboflavinVitaminB2Consumptionimport,40518
StarchAmylopectinAmylose14-alpha-D-GlucanPullulanResistantstarchMacromoleculedegradation,40518
SuccinateProductionexport,40518
SulfateSulfuricacidConsumptionimport,40518
ThiosulfateConsumptionimport,40518
12-propanediolPropenediolPropyleneglycolR-12-propanediolR-propane-12-diolS-12-propanediolS-propane-12-diolConsumptionimport,28901
AdenosylcobalaminVitaminB12CobamidecoenzymeCobIIalaminVitaminB12rCobIalaminVitaminB12sAquacobalaminCobalaminIIIProductionexport,28901
D-SorbitolD-GlucitolSorbitolGlucitolL-SorbitolSorbitolConsumptionimport,28901
FormateProductionexport,28901
PropanoatePropionateProductionexport,28901
Propanoln-propanol1-PropanolProductionexport,28901
AcetateProductionexport,671224
D-GlucoseGlucoseConsumptionimport,671224
L-LactateS-LactateLactateD-LactateR-LactateConsumptionimport,671224
PropanoatePropionateProductionexport,671224
AcetateProductionexport,135083
D-GlucoseGlucoseConsumptionimport,135083
L-LactateS-LactateLactateD-LactateR-LactateConsumptionimport,135083
PropanoatePropionateProductionexport,135083
AcetateProductionexport,69823
D-GlucoseGlucoseConsumptionimport,69823
L-LactateS-LactateLactateD-LactateR-LactateConsumptionimport,69823
PropanoatePropionateProductionexport,69823
AdenosylcobalaminVitaminB12CobamidecoenzymeCobIIalaminVitaminB12rCobIalaminVitaminB12sAquacobalaminCobalaminIIIConsumptionimport,1280
BiotinVitaminB7Consumptionimport,1280
DNARNAPolynucleotideMacromoleculedegradation,1280
FormaldehydeProductionexport,1280
Isovalerate3-MethylbutanoicacidProductionexport,1280
L-LactateS-LactateLactateD-LactateR-LactateProductionexport,1280
MenaquinoneVitaminK2Productionexport,1280
NiacinVitaminB3NicotinicacidNicotinateNicotinamideVitaminB3Consumptionimport,1280
ThiamineVitaminB1ThiaminConsumptionimport,1280
TriglycerideMacromoleculedegradation,1280
TrimethylamineProductionexport,1280
L-LactateS-LactateLactateD-LactateR-LactateProductionexport,1281
L-LactateS-LactateLactateD-LactateR-LactateProductionexport,29385
L-LactateS-LactateLactateD-LactateR-LactateProductionexport,1292
MenaquinoneVitaminK2Productionexport,1292
AcetateProductionexport,1311
CO2Productionexport,1311
D-MannitolMannitolConsumptionimport,1311
EthanolProductionexport,1311
H2O2Productionexport,1311
L-LactateS-LactateLactateD-LactateR-LactateProductionexport,1311
LactoseConsumptionimport,1311
NH3AmmoniaNH4AmmoniumProductionexport,1311
PantothenicacidVitaminB5PantothenateConsumptionimport,1311
AcetateProductionexport,1328
CO2Productionexport,1328
D-MannitolMannitolConsumptionimport,1328
DNARNAPolynucleotideMacromoleculedegradation,1328
EthanolProductionexport,1328
H2O2Productionexport,1328
L-LactateS-LactateLactateD-LactateR-LactateProductionexport,1328
LactoseConsumptionimport,1328
MucinMucusGlycoproteinMacromoleculedegradation,1328
NH3AmmoniaNH4AmmoniumProductionexport,1328
PantothenicacidVitaminB5PantothenateConsumptionimport,1328
AcetateProductionexport,113107
CO2Productionexport,113107
D-MannitolMannitolConsumptionimport,113107
EthanolProductionexport,113107
H2O2Productionexport,113107
L-LactateS-LactateLactateD-LactateR-LactateProductionexport,113107
LactoseConsumptionimport,113107
NH3AmmoniaNH4AmmoniumProductionexport,113107
PantothenicacidVitaminB5PantothenateConsumptionimport,113107
AcetateProductionexport,45634
CO2Productionexport,45634
D-MannitolMannitolConsumptionimport,45634
EthanolProductionexport,45634
H2O2Productionexport,45634
L-LactateS-LactateLactateD-LactateR-LactateProductionexport,45634
LactoseConsumptionimport,45634
NH3AmmoniaNH4AmmoniumProductionexport,45634
PantothenicacidVitaminB5PantothenateConsumptionimport,45634
AcetateProductionexport,1317
CO2Productionexport,1317
D-MannitolMannitolConsumptionimport,1317
EthanolProductionexport,1317
H2O2Productionexport,1317
L-LactateS-LactateLactateD-LactateR-LactateProductionexport,1317
LactoseConsumptionimport,1317
NH3AmmoniaNH4AmmoniumProductionexport,1317
PantothenicacidVitaminB5PantothenateConsumptionimport,1317
AcetateProductionexport,1334
CO2Productionexport,1334
D-MannitolMannitolConsumptionimport,1334
EthanolProductionexport,1334
H2O2Productionexport,1334
L-LactateS-LactateLactateD-LactateR-LactateProductionexport,1334
LactoseConsumptionimport,1334
NH3AmmoniaNH4AmmoniumProductionexport,1334
PantothenicacidVitaminB5PantothenateConsumptionimport,1334
AcetateProductionexport,315405
CO2Productionexport,315405
D-MannitolMannitolConsumptionimport,315405
EthanolProductionexport,315405
H2O2Productionexport,315405
L-LactateS-LactateLactateD-LactateR-LactateProductionexport,315405
LactoseConsumptionimport,315405
NH3AmmoniaNH4AmmoniumProductionexport,315405
PantothenicacidVitaminB5PantothenateConsumptionimport,315405
AcetateProductionexport,1302
CO2Productionexport,1302
D-GlucoseGlucoseConsumptionimport,1302
D-MannitolMannitolConsumptionimport,1302
EthanolProductionexport,1302
H2O2Productionexport,1302
L-LactateS-LactateLactateD-LactateR-LactateProductionexport,1302
LactoseConsumptionimport,1302
MaltoseConsumptionimport,1302
NH3AmmoniaNH4AmmoniumProductionexport,1302
PantothenicacidVitaminB5PantothenateConsumptionimport,1302
AcetateProductionexport,102684
CO2Productionexport,102684
D-MannitolMannitolConsumptionimport,102684
EthanolProductionexport,102684
H2O2Productionexport,102684
L-LactateS-LactateLactateD-LactateR-LactateProductionexport,102684
LactoseConsumptionimport,102684
NH3AmmoniaNH4AmmoniumProductionexport,102684
PantothenicacidVitaminB5PantothenateConsumptionimport,102684
AcetateProductionexport,68892
CO2Productionexport,68892
D-MannitolMannitolConsumptionimport,68892
EthanolProductionexport,68892
H2O2Productionexport,68892
L-LactateS-LactateLactateD-LactateR-LactateProductionexport,68892
LactoseConsumptionimport,68892
NH3AmmoniaNH4AmmoniumProductionexport,68892
PantothenicacidVitaminB5PantothenateConsumptionimport,68892
AcetateProductionexport,28037
CO2Productionexport,28037
D-MannitolMannitolConsumptionimport,28037
EthanolProductionexport,28037
H2O2Productionexport,28037
L-LactateS-LactateLactateD-LactateR-LactateProductionexport,28037
LactoseConsumptionimport,28037
NH3AmmoniaNH4AmmoniumProductionexport,28037
PantothenicacidVitaminB5PantothenateConsumptionimport,28037
AcetateProductionexport,1309
CO2Productionexport,1309
D-GlucoseGlucoseConsumptionimport,1309
D-MannitolMannitolConsumptionimport,1309
EthanolProductionexport,1309
FolicacidFolateVitaminB9Consumptionimport,1309
H2O2Productionexport,1309
L-LactateS-LactateLactateD-LactateR-LactateProductionexport,1309
LactoseConsumptionimport,1309
MucinMucusGlycoproteinMacromoleculedegradation,1309
NH3AmmoniaNH4AmmoniumProductionexport,1309
PantothenicacidVitaminB5PantothenateConsumptionimport,1309
SucroseConsumptionimport,1309
XylitolConsumptionimport,1309
AcetateProductionexport,1303
CO2Productionexport,1303
D-MannitolMannitolConsumptionimport,1303
EthanolProductionexport,1303
H2O2Productionexport,1303
L-LactateS-LactateLactateD-LactateR-LactateProductionexport,1303
LactoseConsumptionimport,1303
MucinMucusGlycoproteinMacromoleculedegradation,1303
NH3AmmoniaNH4AmmoniumProductionexport,1303
PantothenicacidVitaminB5PantothenateConsumptionimport,1303
AcetateProductionexport,1318
CholineConsumptionimport,1318
CO2Productionexport,1318
D-FructoseFructoseConsumptionimport,1318
D-MannitolMannitolConsumptionimport,1318
EthanolProductionexport,1318
H2O2Productionexport,1318
L-LactateS-LactateLactateD-LactateR-LactateProductionexport,1318
LactoseConsumptionimport,1318
NH3AmmoniaNH4AmmoniumProductionexport,1318
PantothenicacidVitaminB5PantothenateConsumptionimport,1318
TrimethylamineProductionexport,1318
AcetateProductionexport,68891
CO2Productionexport,68891
D-MannitolMannitolConsumptionimport,68891
EthanolProductionexport,68891
H2O2Productionexport,68891
L-LactateS-LactateLactateD-LactateR-LactateProductionexport,68891
LactoseConsumptionimport,68891
NH3AmmoniaNH4AmmoniumProductionexport,68891
PantothenicacidVitaminB5PantothenateConsumptionimport,68891
AcetateProductionexport,1313
CO2Productionexport,1313
D-MannitolMannitolConsumptionimport,1313
DNARNAPolynucleotideMacromoleculedegradation,1313
EthanolProductionexport,1313
FormaldehydeProductionexport,1313
H2O2Productionexport,1313
L-LactateS-LactateLactateD-LactateR-LactateProductionexport,1313
LactoseConsumptionimport,1313
NH3AmmoniaNH4AmmoniumProductionexport,1313
PantothenicacidVitaminB5PantothenateConsumptionimport,1313
TrimethylamineProductionexport,1313
AcetateProductionexport,1314
CO2Productionexport,1314
D-MannitolMannitolConsumptionimport,1314
EthanolProductionexport,1314
H2O2Productionexport,1314
HyaluronanHyaluronateHyaluronicacidMacromoleculedegradation,1314
L-LactateS-LactateLactateD-LactateR-LactateProductionexport,1314
LactoseConsumptionimport,1314
NH3AmmoniaNH4AmmoniumProductionexport,1314
PantothenicacidVitaminB5PantothenateConsumptionimport,1314
RiboflavinVitaminB2Consumptionimport,1314
AcetateProductionexport,1304
BiotinVitaminB7Consumptionimport,1304
CO2Productionexport,1304
D-FructoseFructoseConsumptionimport,1304
D-MannitolMannitolConsumptionimport,1304
DNARNAPolynucleotideMacromoleculedegradation,1304
EthanolProductionexport,1304
H2O2Productionexport,1304
L-ArginineArginineConsumptionimport,1304
L-AspartateAspartateD-AspartateConsumptionimport,1304
L-GlutamateL-GlutamicacidGlutamateD-GlutamateConsumptionimport,1304
L-GlycineGlycineConsumptionimport,1304
L-HistidineHistidineConsumptionimport,1304
L-IsoleucineIsoleucineConsumptionimport,1304
L-LactateS-LactateLactateD-LactateR-LactateProductionexport,1304
L-LeucineLeucineConsumptionimport,1304
L-LysineLysineD-LysineConsumptionimport,1304
L-MethionineD-MethionineConsumptionimport,1304
L-PhenylalaninePhenylalanineD-PhenylalanineConsumptionimport,1304
L-TyrosineTyrosineConsumptionimport,1304
L-ValineValineD-ValineConsumptionimport,1304
LactoseConsumptionimport,1304
NH3AmmoniaNH4AmmoniumProductionexport,1304
NiacinVitaminB3NicotinicacidNicotinateNicotinamideVitaminB3Consumptionimport,1304
PantothenicacidVitaminB5PantothenateConsumptionimport,1304
RiboflavinVitaminB2Consumptionimport,1304
ThiamineVitaminB1ThiaminConsumptionimport,1304
AcetateProductionexport,1305
CO2Productionexport,1305
D-MannitolMannitolConsumptionimport,1305
EthanolProductionexport,1305
H2O2Productionexport,1305
L-LactateS-LactateLactateD-LactateR-LactateProductionexport,1305
LactoseConsumptionimport,1305
MucinMucusGlycoproteinMacromoleculedegradation,1305
NH3AmmoniaNH4AmmoniumProductionexport,1305
PantothenicacidVitaminB5PantothenateConsumptionimport,1305
AcetateProductionexport,1308
CO2Productionexport,1308
D-MannitolMannitolConsumptionimport,1308
EthanolProductionexport,1308
FolicacidFolateVitaminB9Productionexport,1308
H2O2Productionexport,1308
L-LactateS-LactateLactateD-LactateR-LactateProductionexport,1308
LactoseConsumptionimport,1308
NH3AmmoniaNH4AmmoniumProductionexport,1308
PantothenicacidVitaminB5PantothenateConsumptionimport,1308
PyridoxalVitaminB6PyridoxinePyridoxamineVitaminB6Productionexport,1308
RiboflavinVitaminB2Consumptionimport,1308
ThiamineVitaminB1ThiaminConsumptionimportproductionexport,1308
AcetateProductionexport,1343
CO2Productionexport,1343
D-FructoseFructoseConsumptionimport,1343
D-MannitolMannitolConsumptionimport,1343
EthanolProductionexport,1343
H2O2Productionexport,1343
L-LactateS-LactateLactateD-LactateR-LactateProductionexport,1343
LactoseConsumptionimport,1343
NH3AmmoniaNH4AmmoniumProductionexport,1343
PantothenicacidVitaminB5PantothenateConsumptionimport,1343
AcetateProductionexport,214851
ButyrateProductionexport,214851
CellobioseConsumptionimport,214851
D-FructoseFructoseConsumptionimport,214851
D-GalactoseConsumptionimport,214851
D-GlucoseGlucoseConsumptionimport,214851
D-MannoseMannoseConsumptionimport,214851
D-TuranoseConsumptionimport,214851
DextrinMaltotrioseMaltodextrinMaltohexaoseMaltotetraoseMaltooligosaccharideConsumptionimport,214851
L-FucoseConsumptionimport,214851
L-LactateS-LactateLactateD-LactateR-LactateProductionexport,214851
L-RhamnoseRhamnoseD-RhamnoseConsumptionimport,214851
LactoseConsumptionimport,214851
MaltoseConsumptionimport,214851
MelibioseConsumptionimport,214851
N-Acetyl-D-GlucosamineN-AcetylglucosamineConsumptionimport,214851
N-Acetyl-D-mannosamineConsumptionimport,214851
RaffinoseConsumptionimport,214851
SuccinateProductionexport,214851
SucroseConsumptionimport,214851
TrehaloseConsumptionimport,214851
L-ArginineArginineConsumptionimport,40545
L-AspartateAspartateD-AspartateConsumptionimport,40545
AcetateProductionexport,39777
L-LactateS-LactateLactateD-LactateR-LactateConsumptionimport,39777
PropanoatePropionateProductionexport,39777
AcetateProductionexport,39778
L-LactateS-LactateLactateD-LactateR-LactateConsumptionimport,39778
PropanoatePropionateProductionexport,39778
AcetateProductionexport,29466
CO2Productionexport,29466
H2HydrogenProductionexport,29466
L-LactateS-LactateLactateD-LactateR-LactateConsumptionimport,29466
L-MalateS-MalateL-MalicacidMalateD-MalateR-MalateConsumptionimport,29466
OxaloacetateConsumptionimport,29466
PolypeptideMacromoleculedegradation,29466
PropanoatePropionateProductionexport,29466
PyruvateConsumptionimport,29466
SuccinateConsumptionimport,29466
L-LactateS-LactateLactateD-LactateR-LactateProductionexport,1249
AcetateConsumptionimport,339
D-GlucoseGlucoseConsumptionimport,339
L-MalateS-MalateL-MalicacidMalateD-MalateR-MalateConsumptionimport,339
PyruvateConsumptionimport,339
SuccinateConsumptionimport,339
SucroseConsumptionimport,339
